{
  "accuracy": 0.8536585365853658,
  "precision": 0.8795180722891566,
  "recall": 0.8690476190476191,
  "f1_score": 0.874251497005988,
  "roc_auc": 0.927420968387355,
  "classification_report": {
    "0": {
      "precision": 0.8181818181818182,
      "recall": 0.8319327731092437,
      "f1-score": 0.825,
      "support": 119.0
    },
    "1": {
      "precision": 0.8795180722891566,
      "recall": 0.8690476190476191,
      "f1-score": 0.874251497005988,
      "support": 168.0
    },
    "accuracy": 0.8536585365853658,
    "macro avg": {
      "precision": 0.8488499452354874,
      "recall": 0.8504901960784315,
      "f1-score": 0.849625748502994,
      "support": 287.0
    },
    "weighted avg": {
      "precision": 0.8540859669275773,
      "recall": 0.8536585365853658,
      "f1-score": 0.853830144588871,
      "support": 287.0
    }
  }
}